{"labels_3d": [0, 0, 0, 0, 0, 0, 0, 0, 0, 0], "scores_3d": [0.9750317931175232, 0.968176007270813, 0.9457359910011292, 0.8904551267623901, 0.8889734148979187, 0.7712075710296631, 0.7554474472999573, 0.7058893442153931, 0.5796033143997192, 0.4417417049407959], "bboxes_3d": [[14.758358001708984, -1.0538208484649658, -1.558962345123291, 3.7562527656555176, 1.6059751510620117, 1.5587180852890015, -0.3130927085876465], [6.437827110290527, -3.8678970336914062, -1.7354449033737183, 3.1476025581359863, 1.4598557949066162, 1.428415060043335, -0.2996706962585449], [8.112245559692383, 1.2169711589813232, -1.6339890956878662, 3.6663286685943604, 1.5731128454208374, 1.5915478467941284, 2.8161818981170654], [20.169815063476562, -8.431066513061523, -1.6690773963928223, 2.3815901279449463, 1.5175892114639282, 1.5694245100021362, -0.3255056142807007], [33.45586395263672, -7.035798072814941, -1.337607979774475, 4.214127540588379, 1.7446202039718628, 1.6696600914001465, 2.828476905822754], [55.62160873413086, -20.328807830810547, -1.377086877822876, 4.370497226715088, 1.7359745502471924, 1.706778645515442, 2.8503031730651855], [3.638274669647217, 2.7380857467651367, -1.6891672611236572, 3.7205231189727783, 1.5819661617279053, 1.5178041458129883, -0.2304767370223999], [25.04045867919922, -10.15648078918457, -1.6325454711914062, 3.738957166671753, 1.6085045337677002, 1.4840214252471924, -0.329845666885376], [28.725322723388672, -1.552486777305603, -1.201728343963623, 3.693903923034668, 1.5429326295852661, 1.5608952045440674, 1.2416561841964722], [40.87089920043945, -9.74884033203125, -1.3668365478515625, 3.8332812786102295, 1.6529905796051025, 1.5704294443130493, -0.2881655693054199]], "box_type_3d": "LiDAR"}